,google,bing,startpage,ddg
0,smetrics.ctshirts.com,criteo-partners.tremorhub.com,criteo-partners.tremorhub.com,www.armanibeauty.fr
1,criteo-partners.tremorhub.com,www.stores-et-rideaux.com,sheinsz.ltwebstatic.com,criteo-partners.tremorhub.com
2,sheinsz.ltwebstatic.com,welcome.landbot.io,sync-t1.taboola.com,02179912.akstat.io
3,sync-t1.taboola.com,sheinsz.ltwebstatic.com,02179912.akstat.io,sync-t1.taboola.com
4,browser.events.data.microsoft.com,sync-t1.taboola.com,pixel.wp.com,pixel.wp.com
5,02179912.akstat.io,api.bamford.com,ct.pinterest.com,ct.pinterest.com
6,ct.pinterest.com,ct.pinterest.com,cdn.staticfile.org,www.macys.com
7,res.cloudinary.com,res.cloudinary.com,consentcdn.cookiebot.com,consentcdn.cookiebot.com
8,consentcdn.cookiebot.com,www.jeux-gratuits-online.org,www.z2data.com,uep.gaijin.net:8383
9,dis.criteo.com,consentcdn.cookiebot.com,fourier.aliexpress.com,dis.criteo.com
10,www.capterra.com,uep.gaijin.net:8383,web.global-e.com,trkn.us
11,encrypted-tbn0.gstatic.com,dis.criteo.com,dis.criteo.com,www.target.com
12,media.boohoo.com,www.boozyshop.fr,settings.luckyorange.net,www.boozyshop.fr
13,www.boozyshop.fr,www.lookfantastic.fr,encrypted-tbn0.gstatic.com,api.uk.exponea.com
14,analytics.optimalpeople.fr,www.epplejeck.fr,app.dailykarma.io,www.epplejeck.fr
15,client-analytics.braintreegateway.com,in.hotjar.com,www.gamecamp.gg,in.hotjar.com
16,encrypted-tbn2.gstatic.com,targeting.api.drift.com,sentryfront.banggood.com,6631903.fls.doubleclick.net
17,trackcmp.net,a.twiago.com,eaaqmyctaeaemkqce3yabaqaabrorla2-pvqfcw-fab9bffc0-clienttons-s.akamaihd.net,a.twiago.com
18,in.hotjar.com,storage.googleapis.com,in.hotjar.com,i.vimeocdn.com
19,ccu.e.leclerc,img.riskified.com,ilrorwxhliimmk5p.ldycdn.com,pro.ip-api.com
20,personalization-gdpr.samp.ext.zooplus.io,api.segment.io,www.dunelm.com,www.dillards.com
21,qfmc4asy3vxvuyzhhviq-ppij87-258346495-clientnsv4-s.akamaihd.net,684dd330.akstat.io,a.twiago.com,www.revolutionbeauty.com
22,imgs.signifyd.com,monitor.clickcease.com,pro.ip-api.com,api.rlcdn.com
23,e-leclerc.scene7.com,p.flipp.com,imgs.signifyd.com,datamilk.app
24,monitor.clickcease.com,messagebeach.alibaba.com,bacon.getcarro.com,tpt.mediaplex.com
25,p.cquotient.com,p.cquotient.com,img.riskified.com,monitor.clickcease.com
26,api.postscript.io,sm.dell.com,qfmc4asy3vxrqyxivssq-ppvzyz-db1467afa-clientnsv4-s.akamaihd.net,i6.liadm.com
27,media-cdn.printemps.com,bootstrap.api.drift.com,instafeed.nfcube.com,www.superbeaute.fr
28,tpc.googlesyndication.com,tpc.googlesyndication.com,api.eu.usercentrics.eu,p.cquotient.com
29,displaycatalog.mp.microsoft.com,cdn.trustcommander.net,dashboard.wheelio-app.com,tpc.googlesyndication.com
30,cdn.trustcommander.net,o529943.ingest.sentry.io,cdn.iubenda.com,o529943.ingest.sentry.io
31,www.facebook.com,app.qualified.com,0217991a.akstat.io,www.facebook.com
32,analytics.tiktok.com,www.facebook.com,monitor.clickcease.com,analytics.tiktok.com
33,fast.a.klaviyo.com,analytics.tiktok.com,assets.instantsearchplus.com,fast.a.klaviyo.com
34,graphql.usercentrics.eu,fast.a.klaviyo.com,messagebeach.alibaba.com,loadus.exelator.com
35,boohooamplience.a.bigcontent.io,secure.adnxs.com,sm.dell.com,beacon.walmart.com
36,eaaqmyctaeaemiabazqdakaaafrsorr5-pxmc2a-ea0c6409f-clienttons-s.akamaihd.net,graphql.usercentrics.eu,p.cquotient.com,devicebind.ebay.com
37,js.hs-banner.com,widget.us.criteo.com,collector-px46scnlxs.px-cloud.net,secure.adnxs.com
38,widget.us.criteo.com,1045.netrk.net,tpc.googlesyndication.com,graphql.usercentrics.eu
39,alb.reddit.com,sw-assets.ekomiapps.de,www.aliexpress.com,k.yves-rocher.fr
40,geo-ip-lookup-api.prod.zooplus.net,www.misterbabyfoot.com,www.circusclothing.eu,widget.us.criteo.com
41,684dd32d.akstat.io,laprairie.api.useinsider.com,fr.marinarinaldi.com,gdpr.apps.isenselabs.com
42,data.cdnbasket.net,ressources.mynoors.com,fast.a.klaviyo.com,currency.grizzlyapps.com
43,loox.io,widgets.swaven.com,www.facebook.com,sw-assets.ekomiapps.de
44,farmtoskin.com,cdn.privacy-mgmt.com,analytics.tiktok.com,data.cdnbasket.net
45,apis.google.com,auth.idealo.fr,cdn.flaconi.fr,dispawsusva.inmoment.com
46,d1lxz4vuik53pc.cloudfront.net,cdn-gateflipp.flippback.com,koi-3qnotvvfou.marketingautomation.services,widgets.swaven.com
47,bam.eu01.nr-data.net,apis.google.com,loadus.exelator.com,www.stylight.com
48,images.samsung.com,d1lxz4vuik53pc.cloudfront.net,static.targethaus.net,d1lxz4vuik53pc.cloudfront.net
49,js.smile.io,bam.eu01.nr-data.net,cc13b2bdb7bac0295023dc417101f45a.safeframe.googlesyndication.com,apis.google.com
50,labs.octoly.com,images.samsung.com,tags.bluekai.com,pixel.mediaiqdigital.com
51,preordermanager.amai.com,event.api.drift.com,secure.adnxs.com,medias.yves-rocher.fr
52,image.cdnbasket.net,web.facebook.com,graphql.usercentrics.eu,web.facebook.com
53,app.flomllr.com,js.gaijin.net,www.notino.fr,js.gaijin.net
54,v1.addthisedge.com,www.alibaba.com,o1091219.ingest.sentry.io,www.halebob.com
55,mem.gfx.ms,www.avis-verifies.com,le4rir5yka-dsn.algolia.net,dillards.attn.tv
56,02179916.akstat.io,cl.avis-verifies.com,widget.us.criteo.com,usage.trackjs.com
57,front.optimonk.com,11069834.fls.doubleclick.net,whitemarket.info,02179916.akstat.io
58,aggregator.service.usercentrics.eu,privacy-banner.shopifycloud.com,alb.reddit.com,tap.walmart.com
59,token.rubiconproject.com,public.nftstatic.com,www.imdb.com,front.optimonk.com
60,criteo-sync.teads.tv,criteo-sync.teads.tv,fr.oltly.com,public.nftstatic.com
61,portal.brandlock.io,sourcing.alibaba.com,gdpr.apps.isenselabs.com,live.4-tell.net
62,lcx-widgets.bambuser.com,www.popsilla.com,www1.grouponcdn.com,colrep.sitelabweb.com
63,download-video.akamaized.net,download-video.akamaized.net,bh.contextweb.com,criteo-sync.teads.tv
64,api.appmate.io,fcs.dellcdn.com,data.cdnbasket.net,api.appmate.io
65,img.bstn.com,cmp.osano.com,tags.rd.linksynergy.com,foursixty.com
66,p1.zemanta.com,vars.hotjar.com,atmamos.alicdn.com,cmp.osano.com
67,qfmc4asy3vxvuyzhhs2a-p2vcak-d9f2ed0fa-clientnsv4-s.akamaihd.net,uicore.dellcdn.com,cdn.privacy-mgmt.com,6493187.fls.doubleclick.net
68,vars.hotjar.com,www.boulanger.com,api.conrad.com,bk8d4asi.micpn.com
69,metrics-nl.fitanalytics.com,cdn.segment.com,auth.idealo.fr,8833435.fls.doubleclick.net
70,api-cdn.purechat.com,assets-tracking.crazyegg.com,apis.google.com,vars.hotjar.com
71,www.boulanger.com,geo-lookup.netlify.app,d1lxz4vuik53pc.cloudfront.net,assets.macysassets.com
72,eaaqmyctaeaemiabazqdakaaafrsoo2o-p4p0tt-7835ae91d-clienttons-s.akamaihd.net,cw.contentsquare.net,bam.eu01.nr-data.net,fresnel.vimeocdn.com
73,widget.trustpilot.com,widget.trustpilot.com,images.samsung.com,cas.avalon.perfdrive.com
74,readservices-b2c.powerreviews.com,passport.jlcpcb.com,social-login.oxiapps.com,target.scene7.com
75,qfmc4asy3vxvuyzhhx2a-preey3-79e4d47dd-clientnsv4-s.akamaihd.net,fr.hotels.com,location.truevaultcdn.com,ws.zoominfo.com
76,t.co,t.co,service.force.com,8975341.fls.doubleclick.net
77,lh3.googleusercontent.com,d1eh9yux7w8iql.cloudfront.net,usermatch.krxd.net,p.brsrvr.com
78,assets.privy.com,assets.qualified.com,www.alibaba.com,cdn.segment.com
79,d1eh9yux7w8iql.cloudfront.net,cdnjs.cloudflare.com,eu.groupondata.com,assets-tracking.crazyegg.com
80,img.ltwebstatic.com,img.ltwebstatic.com,api.omappapi.com,hdsupplysolutions.com
81,beacon.krxd.net,image.but.fr,app.flomllr.com,widget.trustpilot.com
82,3825.xg4ken.com,www.mynoors.com,v1.addthisedge.com,pixel-us-west.rubiconproject.com
83,consumer.truefitcorp.com,is.alicdn.com,o1188125.ingest.sentry.io,tracking.searchmarketing.com
84,eu-api-tracker.kameleoon.eu,social-sb.com,widget.reviews.io,fr.hotels.com
85,pagead2.googlesyndication.com,t.teads.tv,purish.com,t.co
86,api.p6.evorra.net,tracking.omnitagjs.com,wzstatic.streamoptim.com,www.bonprix.fr
87,www.maxizoo.fr,pagead2.googlesyndication.com,front.optimonk.com,static.bonprixsecure.com
88,684dd329.akstat.io,www.universign.com,d6tizftlrpuof.cloudfront.net,www.walgreens.com
89,contextual.media.net,reco.target2sell.com,aggregator.service.usercentrics.eu,pagead2.googlesyndication.com
90,prebid-a.rubiconproject.com,684dd329.akstat.io,mosaic02.ztat.net,www.universign.com
91,match.adsrvr.org,contextual.media.net,token.rubiconproject.com,dc.oracleinfinity.io
92,rtb.openx.net,cdn.contentful.com,connect.bolt.com,contextual.media.net
93,tapi.optimizely.com,11518595.fls.doubleclick.net,privacy-banner.shopifycloud.com,sapphire-api.target.com
94,rum-bb395706-b6c3-4e94-b8ad-922fa2784abc.rapidspike.com,www.nakedandthriving.com,qfmc4asy3vxwuyxivqna-pvqfcw-3a6395c14-clientnsv4-s.akamaihd.net,11518595.fls.doubleclick.net
95,8035464.fls.doubleclick.net,www.zervant.com,colrep.sitelabweb.com,match.adsrvr.org
96,www.shopperapproved.com,www.jouergratuitement.fr,criteo-sync.teads.tv,www.nakedandthriving.com
97,seoavd.babymori.com,config.styla.com,d3ejra0xbg20rg.cloudfront.net,0217991d.akstat.io
98,cm.g.doubleclick.net,fo-api.omnitagjs.com,fcs.dellcdn.com,rtb.openx.net
99,tracking.wisepops.com,onetalk.alibaba.com,c.sugodeku.com,image2.pubmatic.com
100,consent.trustarc.com,www.allspares.fr,api.appmate.io,config.styla.com
101,s.go-mpulse.net,french.alibaba.com,cmp.osano.com,eu.representclo.com
102,www.backmarket.fr,cm.g.doubleclick.net,www.gotofficialgame.com,fledge-usa.creativecdn.com
103,fr.shopping.net,nexus.ensighten.com,cdn.rebuyengine.com,znbo58uvbwdxyen1r-hdsupply.siteintercept.qualtrics.com
104,services.zipy.ai,consent.trustarc.com,vars.hotjar.com,dillards-app.quantummetric.com
105,session-replay.browser-intake-datadoghq.eu,labiosthetique.peerius.com,event.clientgear.com,rover.ebay.com
106,ssl.google-analytics.com,www.expedia.ca,uicore.dellcdn.com,www.hearthsong.com
107,api-js.datadome.co,www.hamamatsu.com,www.naturehorse.fr,cm.g.doubleclick.net
108,serv-api.target2sell.com,ampcid.google.com,nude-project.zendesk.com,labiosthetique.peerius.com
109,zn6ycih8uhwro76mi-gartnerdm.siteintercept.qualtrics.com,dam.flippenterprise.net,a.ad.gt,thewhitecompany.demdex.net
110,id5-sync.com,s.go-mpulse.net,www.micromania.fr,shein-fr.codepromo.store
111,sins.bstn.com,www.backmarket.fr,www.justanswer.com,www.expedia.ca
112,prism.app-us1.com,redtrack.nakedandthriving.com,userjournies.com,ampcid.google.com
113,platform.smile.io,consumerhealth.catalent.com,widget.trustpilot.com,www.yves-rocher.fr
114,api-na.geetest.com,app.eu.securiti.ai,readservices-b2c.powerreviews.com,s.go-mpulse.net
115,websdk.appsflyer.com,ssl.google-analytics.com,appanalysis.banggood.com,www.cdiscount.com
116,yt3.ggpht.com,eu1-search.doofinder.com,t.co,ws39.hotjar.com
117,media.flixcar.com,media.grouperosa.com,lh3.googleusercontent.com,redtrack.nakedandthriving.com
118,shop.app,api-js.datadome.co,img.ltwebstatic.com,hello.zonos.com
119,api.boulanger.com,serv-api.target2sell.com,glb.notinoimg.com,ssl.google-analytics.com
120,jfapiprod.optimonk.com,lok.kingpinkton.com,beacon.krxd.net,eu1-search.doofinder.com
121,login.zooplus.fr,www.mrporter.com,is.alicdn.com,freegeoip.live
122,app.hubspot.com,api-na.geetest.com,widget.intercom.io,serv-api.target2sell.com
123,o791023.ingest.sentry.io,yt3.ggpht.com,api.vyrl.co,i5.walmartimages.com
124,webchannel-content.eservice.emarsys.net,engagement.tritonx.nl,static.gortb.com,platform.smile.io
125,payments.braintree-api.com,shop.app,forms.soundestlink.com,websdk.appsflyer.com
126,app.dmws.plus,api.boulanger.com,rheastore.co,ash.creativecdn.com
127,events.privy.com,csm.nl.eu.criteo.net,pagead2.googlesyndication.com,yt3.ggpht.com
128,network-eu-a.bazaarvoice.com,www.salvia-nutrition.com,contextual.media.net,engagement.tritonx.nl
129,svc-prod-us.liveshopping.bambuser.com,o791023.ingest.sentry.io,sync.bfmio.com,shop.app
130,ib.adnxs.com,personalization.dell.com,www.appliancesonline.com.au,jfapiprod.optimonk.com
131,bat.bing.com,webchannel-content.eservice.emarsys.net,match.adsrvr.org,d.agkn.com
132,www.xbox.com,bck.hermes.com,www.nakedandthriving.com,app.dmws.plus
133,ariane.abtasty.com,d.agkn.com,tapi.bonial.fr,aly.justuno.com
134,www.digikey.fr,buyercentral.alibaba.com,rtb.openx.net,image-factory.media.messe-muenchen.de
135,maps.googleapis.com,app.dmws.plus,cdn-production-opera-website.operacdn.com,network-eu-a.bazaarvoice.com
136,static-forms.klaviyo.com,assets.hermes.com,image2.pubmatic.com,tr2.smarterhq.io
137,analytics.analytics-egain.com,image-factory.media.messe-muenchen.de,dev.visualwebsiteoptimizer.com,ib.adnxs.com
138,lh5.googleusercontent.com,network-eu-a.bazaarvoice.com,hm.baidu.com,bat.bing.com
139,cdn.static.amplience.net,ib.adnxs.com,xsso.playvalorant.com,assets.voyagetext.com
140,geo.captcha-delivery.com,bat.bing.com,onetalk.alibaba.com,waves.retentionscience.com
141,02179915.akstat.io,i.dell.com,eucs27v2.ksearchnet.com,ariane.abtasty.com
142,header-api.public.prd.beautybay.com,www.metro.ca,apps.rokt.com,di.rlcdn.com
143,swymstore-v3pro-01.swymrelay.com,beacon.riskified.com,fledge-usa.creativecdn.com,www.binance.com
144,static.criteo.net,ariane.abtasty.com,collector-pxh5w4l9yy.px-cloud.net,maps.googleapis.com
145,trial-eum-clientnsv4-s.akamaihd.net,www.binance.com,a.dpmsrv.com,static-forms.klaviyo.com
146,earthlets.fr,maps.googleapis.com,rec.banggood.com,oms.expedia.com
147,encrypted-tbn1.gstatic.com,cdn.idealo.com,s3.images-iherb.com,lightwidget.com
148,sync-criteo.ads.yieldmo.com,static-forms.klaviyo.com,cm.g.doubleclick.net,apps2.omegatheme.com
149,digikey.egain.cloud,oms.expedia.com,www.resee.com,aa.agkn.com
150,api.bazaarvoice.com,secure.livechatinc.com,consent.trustarc.com,02179915.akstat.io
151,rum-http-intake.logs.datadoghq.eu,insights.alibaba.com,www.redbubble.com,www.bestbuy.com
152,widgets.abtasty.com,geo.captcha-delivery.com,www.intermarche.com,swymstore-v3pro-01.swymrelay.com
153,tr.snapchat.com,aa.agkn.com,consent-api.service.consent.usercentrics.eu,static.criteo.net
154,cloud.roistat.com,trial-eum-clientnsv4-s.akamaihd.net,www.szshinzo.com,trial-eum-clientnsv4-s.akamaihd.net
155,match.sharethrough.com,static.criteo.net,s.go-mpulse.net,www.labiosthetique.fr
156,api-sensors.shein.com,www.labiosthetique.fr,gis.rftslb.com,sync-criteo.ads.yieldmo.com
157,edge.curalate.com,c.riskified.com,redtrack.nakedandthriving.com,cdtm.cdiscount.com
158,ws.batch.com,trk.kissmetrics.io,znci1z6nkbgcfxf5h-spg.siteintercept.qualtrics.com,servedby.flashtalking.com
159,pixel.everesttech.net,www.asiamarche.fr,www.gigapromo.fr,tr.snapchat.com
160,cdn.webshopapp.com,tr.snapchat.com,app.eu.securiti.ai,appvizer.one
161,www.jouvessence.com,appvizer.one,www.top5jeuxenligne.fr,cdn.justuno.com
162,events.attentivemobile.com,match.sharethrough.com,use.fontawesome.com,pt.ispot.tv
163,www.bstn.com,sp.analytics.yahoo.com,www.bonwinlocks.com,match.sharethrough.com
164,widget.fitanalytics.com,consent.linksynergy.com,checkout1.iherb.com,sp.analytics.yahoo.com
165,smetrics.samsung.com,rfq.alibaba.com,eu1-search.doofinder.com,slimages.macysassets.com
166,ws.cnetcontent.com,api-sensors.shein.com,api-js.datadome.co,consent.linksynergy.com
167,o1306833.ingest.sentry.io,accounts.livechatinc.com,ws33.hotjar.com,pixel.everesttech.net
168,visitor.omnitagjs.com,murfy.fr,d1azc1qln24ryf.cloudfront.net,cdn.webshopapp.com
169,app.viral-loops.com,eu6.heatmap.it,vk.com,colres.sitelabweb.com
170,ups.analytics.yahoo.com,cdn.webshopapp.com,secure.justanswer.com,events.attentivemobile.com
171,accounts.google.com,saa-aem.hamamatsu.com,wcs.naver.com,matomo.nivea.com
172,sdk.postscript.io,metrics.api.drift.com,xmlp.search.yahoo.com,tracking.cdiscount.com
173,www.dresstoimpresss.com,events.attentivemobile.com,www2.matsusada.com,api.labiosthetique.com
174,www.joinfleek.com,matomo.nivea.com,fr.seekweb.com,halebob.com
175,aca.506.io,smetrics.samsung.com,pixel.roughgroup.com,cat.nl.eu.criteo.com
176,cms.quantserve.com,api.labiosthetique.com,o418110.ingest.sentry.io,audit-tcfv2.quantcast.mgr.consensu.org
177,sb.scorecardresearch.com,r.g.bing.com,www.premiumoutlets.com,api.privacy-center.org
178,api.loopcybersec.com,data.privacy.ensighten.com,websdk.appsflyer.com,img.static-swaven.com
179,api.target2sell.com,userexperience.thehut.net,js.admediasales.com,www.trvl-px.com
180,view.cdnbasket.net,www.telikin.com,px.owneriq.net,web-tracker.smsbump.com
181,beautysunivers.com,img.static-swaven.com,gw.lightinthebox.com,visitor.omnitagjs.com
182,activity.wisepops.com,www.trvl-px.com,yt3.ggpht.com,cdn.consentmanager.net
183,api.transcy.io,cdn.consentmanager.net,ipapi.co,stats.stylight.com
184,siteintercept.qualtrics.com,ups.analytics.yahoo.com,fastsimon-settings.akamaized.net,ups.analytics.yahoo.com
185,p1-smn2-api-cdn.shop.samsung.com,metrics.brightcove.com,assets.alicdn.com,shop.peacebird.com
186,ctshirts.demdex.net,shop.peacebird.com,ash.creativecdn.com,10289658.fls.doubleclick.net
187,assets.bounceexchange.com,js.driftt.com,live.rezync.com,us-central1-adaptive-growth.cloudfunctions.net
188,store-images.s-microsoft.com,accounts.google.com,www.violetocean.nl,accounts.google.com
189,tc.cdnhub.co,infomaxparis.com,sync.mathtag.com,l.search.sensefuel.live
190,s.thebrighttag.com,api.docodoco.jp,shop.app,syndication.twitter.com
191,rtb-csync.smartadserver.com,stackpath.bootstrapcdn.com,c1.adform.net,www.aaxdetect.com
192,trust.conversionbear.com,ade.googlesyndication.com,jfapiprod.optimonk.com,smetrics.cdiscount.com
193,encrypted-tbn3.gstatic.com,syndication.twitter.com,uipglob.semasio.net,api.target2sell.com
194,telemetrics.klaviyo.com,qfmc4asy3vxwuyxixaua-p508qu-a7be51ef0-clientnsv4-s.akamaihd.net,app.hubspot.com,view.cdnbasket.net
195,googleads.g.doubleclick.net,lantern.roeye.com,personalization.dell.com,siteintercept.qualtrics.com
196,uxt-discount-banner-prod.shpp.ext.zooplus.io,api.target2sell.com,justanswer.9pctbx.net,images-eu.nivea.com
197,metrics.fitanalytics.com,aesop-assistance.zendesk.com,js.intercomcdn.com,sync.taboola.com
198,checkin.purechat.com,api.trustedshops.com,d.agkn.com,assets.bounceexchange.com
199,consent.cookiefirst.com,log.pinterest.com,buyercentral.alibaba.com,s.thebrighttag.com
200,cdn3.forter.com,o775947.ingest.sentry.io,cat.justanswer.com,rtb-csync.smartadserver.com
201,www.appliancesconnection.com,activity.wisepops.com,aly.justuno.com,webextend.ems-ci.com
202,popup.wisepops.com,www.futurlec.com,www.matsusada.com,cdn.retailrocket.net
203,widget-v4.tidiochat.com,p1-smn2-api-cdn.shop.samsung.com,iminit.com,media.thewhitecompany.com
204,ad.360yield.com,images-eu.nivea.com,network-eu-a.bazaarvoice.com,ca1.qualtrics.com
205,godog.shopifycloud.com,www.dell.com,analytics.pagefly.io,walgreens.demdex.net
206,analytics.sitewit.com,assets.bounceexchange.com,tr2.smarterhq.io,telemetrics.klaviyo.com
207,www.e.leclerc,api.ipify.org,ib.adnxs.com,googleads.g.doubleclick.net
208,page.cdnbasket.net,rtb-csync.smartadserver.com,shopify.covet.pics,www.karl.com
209,sslwidget.criteo.com,8930722.fls.doubleclick.net,bat.bing.com,etundra.evergage.com
210,02179918.akstat.io,telemetrics.klaviyo.com,utils.global-e.com,vimeo.com
211,conf.rollout.io,googleads.g.doubleclick.net,i.dell.com,image01.bonprix.fr
212,mug.criteo.com,fourier.taobao.com,intermarche.queue-it.net,widget-v4.tidiochat.com
213,connect.nosto.com,bamfordwellness.zendesk.com,www.bonial.fr,ad.360yield.com
214,login.live.com,ads.betweendigital.com,csync.loopme.me,godog.shopifycloud.com
215,cookies-data.onetrust.io,cdn3.forter.com,84061.global.siteimproveanalytics.io,eu-west-1-wtb-tag-api.swaven.com
216,www.nocibe.fr,popup.wisepops.com,beacon.riskified.com,widgets.store-macys.com
217,cm.everesttech.net,ad.360yield.com,waves.retentionscience.com,stylight.h5v.eu
218,translate.googleapis.com,eu-west-1-wtb-tag-api.swaven.com,cdn.reamaze.com,cdn.tagcommander.com
219,www.printemps.com,a.wishabi.com,v2.clickguardian.app,page.cdnbasket.net
220,bam-cell.nr-data.net,sale.alibaba.com,match.prod.bidr.io,sslwidget.criteo.com
221,sstrk.printemps.com,sslwidget.criteo.com,762d64daa92f6e1501b5f377e3fda283.safeframe.googlesyndication.com,ampcid.google.fr
222,sessions.bugsnag.com,www.blancheporte.fr,business.google.com,mug.criteo.com
223,static.captcha-delivery.com,conf.rollout.io,0217990f.akstat.io,nakedandthriving.zendesk.com
224,statestore.rollout.io,ampcid.google.fr,www.startpage.com,tr7.smarterhq.io
225,www.livehelpnow.net,mug.criteo.com,b96953b619fb4d7a9e3bb9be1d277452.pages.ubembed.com,www.walmart.com
226,events.bouncex.net,nakedandthriving.zendesk.com,maps.googleapis.com,pi.pardot.com
227,cdn-widgetsrepository.yotpo.com,datasink.jlcpcb.com,cdn.idealo.com,cookies-data.onetrust.io
228,couponx-wix.premio.io,connect.nosto.com,static-forms.klaviyo.com,94vod-adaptive.akamaized.net
229,rs.fullstory.com,cookies-data.onetrust.io,secure.livechatinc.com,xbox-game-pass.fr.softonic.com
230,replika.printemps.com,app.chaport.com,pro.fontawesome.com,macys.sc.omtrdc.net
231,auth.beautybay.com,cm.everesttech.net,t.myvisualiq.net,cm.everesttech.net
232,analytics.ynap.biz,www.rachatdemobile.com,app.eu.usercentrics.eu,macyscominc.demdex.net
233,www.rocelec.fr,www.gastro-hero.fr,insights.alibaba.com,expcore.macys.com
234,cache.caast.tv,fr.absolutecollagen.com,aa.agkn.com,c.aaxads.com
235,eaaqmyctaeaemiabazqdakaaafrsopfu-p2vcak-9675084f4-clienttons-s.akamaihd.net,open-s.alibaba.com,geo.captcha-delivery.com,gsp.target.com
236,csp.withgoogle.com,rr1---sn-gx1v2vax-atne.googlevideo.com,simple.ripley.cl,www.coupomuscode.com
237,evantaagartnercompany.demdex.net,static.captcha-delivery.com,pixel.advertising.com,shopthousandmiles.com
238,staticw2.yotpo.com,statestore.rollout.io,api.simon.com,sessions.bugsnag.com
239,www.google-analytics.com,events.bouncex.net,02179915.akstat.io,predict-api-v3.getwair.com
240,10617119.fls.doubleclick.net,www.ebookers.fr,m.sugodeku.com,www.livehelpnow.net
241,cm.adform.net,t23.intelliad.de,header-api.public.prd.beautybay.com,cdn-widgetsrepository.yotpo.com
242,p.yotpo.com,gong-eb.qubit.com,swymstore-v3pro-01.swymrelay.com,www.ebookers.fr
243,checkout-page-api.public.prd.beautybay.com,img.alicdn.com,trial-eum-clientnsv4-s.akamaihd.net,localappliancequotes.com
244,s2.go-mpulse.net,acs.h.alibaba.com,static.criteo.net,rs.fullstory.com
245,eaaqmyctaeaemiabazqdakaaafrsoryp-pvygg3-6b8da28d4-clienttons-s.akamaihd.net,cache.caast.tv,login.tmall.ru,3856256.fls.doubleclick.net
246,www.advctrackview.com,www.etracker.de,c.riskified.com,www.etracker.de
247,privacy.trustcommander.net,fr.rs-online.com,sync-criteo.ads.yieldmo.com,dynaag.cdiscount.com
248,adservice.google.com,www.google-analytics.com,encrypted-tbn1.gstatic.com,api.target.com
249,odr.mookie1.com,trc.taboola.com,trk.kissmetrics.io,www.mainadv.com
250,www.marionnaud.fr,logging.cmp-resources.link,sl.streamoptim.com,staticw2.yotpo.com
251,c.s-microsoft.com,platform.twitter.com,qfmc4asy3vxwuyxixeva-p0z7ja-31a7a4590-clientnsv4-s.akamaihd.net,www.google-analytics.com
252,qfmc4asy3vxvuyzhhngq-p4p0tt-32e199ba5-clientnsv4-s.akamaihd.net,privacy.trustcommander.net,www.action.com,trc.taboola.com
253,www.srmdata-eur.com,adservice.google.com,wsdk.rokt.com,wm.prd.borderfree.com
254,sephora-fr.reach5.net,hamamatsu.demdex.net,api.bazaarvoice.com,s2.go-mpulse.net
255,stat.tildacdn.com,11214333.fls.doubleclick.net,www.opera.com,p.yotpo.com
256,www.agando-shop.fr,www.bing.com,r2cdn2.r2games.com,static.lukiegames.com
257,logs1412.xiti.com,ping.thank-you.io,go.techtarget.com,representclo.attn.tv
258,clk.boulanger.com,pangaia-gb.attn.tv,tr.snapchat.com,platform.twitter.com
259,www.zooplus.fr,www.eurofins.com,micromaniafr.api.useinsider.com,privacy.trustcommander.net
260,beglarianfabrics.com,stash.qubitproducts.com,cdn.justuno.com,adservice.google.com
261,ids.cdnwidget.com,gastro-hero-fr.arc.epoq.de,match.sharethrough.com,ir.ebaystatic.com
262,region1.google-analytics.com,www.merciyanis.com,ws1.hotjar.com,www.bing.com
263,bf16218erm.bf.dynatrace.com,hit.api.useinsider.com,sp.analytics.yahoo.com,www.ebay.com
264,10742279.fls.doubleclick.net,www.expedia.com,accounts.livechatinc.com,wsv3cdn.audioeye.com
265,noodle.backmarket.io,www.srmdata-eur.com,consent.linksynergy.com,analytics.audioeye.com
266,static.ufreegames.io,forms.hsforms.com,api-sensors.shein.com,www.eurofins.com
267,adservice.google.fr,www.dhyanafilms.com,fr.bestdeals.today,redsky.target.com
268,www.mesbagages.com,str.rise-ai.com,edge.curalate.com,www.trustedsite.com
269,684dd32a.akstat.io,log.mmstat.com,stormetrails.com,www.expedia.com
270,nova.collect.igodigital.com,logs1412.xiti.com,o518493.ingest.sentry.io,forms.hsforms.com
271,dcinfos-cache.abtasty.com,tracking.crazyegg.com,rareprem.com,sephora-fr.reach5.net
272,account-api.public.prd.beautybay.com,www.marketoy.com,u.openx.net,d2w9m16hs9jc37.cloudfront.net
273,h.online-metrix.net,ds-aksb-a.akamaihd.net,fcmatch.youtube.com,static.prd.borderfree.com
274,ssum-sec.casalemedia.com,clk.boulanger.com,colres.sitelabweb.com,02179910.akstat.io
275,widget2.kudobuzz.com,region1.google-analytics.com,products.boostbox.com.br,api.st2.antavo.com
276,d.clarity.ms,media.but.fr,www.tradediscount.com,6102.xg4ken.com
277,stats.g.doubleclick.net,www.chrshop.fr,pi.ispot.tv,tracking.crazyegg.com
278,network-eu.bazaarvoice.com,noodle.backmarket.io,fr.blendedsearch.com,www.thousandmiles.eu
279,appliancesconnection.attn.tv,api.raygun.io,eos-aa.blockchain.getwombat.io,www.marketoy.com
280,api.ipstack.com,shoppingpunch.fr,events.attentivemobile.com,c.search.sensefuel.live
281,cookie-bar.conversionbear.com,c.contentsquare.net,vitals.vercel-insights.com,ids.cdnwidget.com
282,connect.printemps.com,landbot.io,widget.fitanalytics.com,sc.sftcdn.net
283,lister-page-api.public.prd.beautybay.com,s.alicdn.com,smetrics.samsung.com,region1.google-analytics.com
284,cdn9.forter.com,www.t1distribution.nl,684dd326.akstat.io,a.poki.com
285,www.google.fr,murfy.zendesk.com,sima.justanswer.com,hdsupplyfacilitiesmaintenance.demdex.net
286,qfmc4asy3vxwsyzhi4hq-pvygg3-a48d10039-clientnsv4-s.akamaihd.net,pangaia.zendesk.com,us.ck-ie.com,eaaqmyctaeaemkqce3yabaqaabroal6n-pye1t0-15f90d4ff-clienttons-s.akamaihd.net
287,dpm.demdex.net,dhyanafilms.com,cat.nl.eu.criteo.com,api.raygun.io
288,monitor.ppcprotect.com,www.laprairie.com,unpkg.com,c.contentsquare.net
289,printemps.zendesk.com,electronica.de,tms.hextom.com,api.store-macys.com
290,image6.pubmatic.com,adservice.google.fr,api.privacy-center.org,api.trustedform.com
291,reveal.clearbit.com,nova.collect.igodigital.com,web-tracker.smsbump.com,electronica.de
292,www.monpetitminou.com,dcinfos-cache.abtasty.com,nude-project.com,adservice.google.fr
293,clickserve.dartsearch.net,fr-go.kelkoogroup.net,www.jeliku.com,nova.collect.igodigital.com
294,app.purechat.com,vc.hotjar.io,visitor.omnitagjs.com,dcinfos-cache.abtasty.com
295,joinfleek.com,nakedandthriving.attn.tv,ups.analytics.yahoo.com,vc.hotjar.io
296,pdp-api.public.prd.beautybay.com,tr.outbrain.com,ws41.hotjar.com,ssum-sec.casalemedia.com
297,player.vimeo.com,jlcpcb.com,metrics.brightcove.com,qfmc4asy3vxrqyxaf7gq-pye1t0-edc05588a-clientnsv4-s.akamaihd.net
298,cdn.shopify.com,d.clarity.ms,dc.services.visualstudio.com,actorssl-5637.kxcdn.com
299,www.legendlondon.co,stats.g.doubleclick.net,accounts.google.com,www.lightboxcdn.com
300,api.zigpoll.com,api.early-birds.fr,collector-6981.tvsquared.com,nakedandthriving.attn.tv
301,pay.google.com,4555723.fls.doubleclick.net,infomaxparis.com,tr.outbrain.com
302,www.digikey.com,www.but.fr,my.rtmark.net,usb.hextom.com
303,monorail-edge.shopifysvc.com,www.hamamatsu-news.de,stackpath.bootstrapcdn.com,d.clarity.ms
304,web.vortex.data.microsoft.com,cdn9.forter.com,cdn.ttgtmedia.com,stats.g.doubleclick.net
305,logx.optimizely.com,www.google.fr,sb.scorecardresearch.com,thewhitecompany.peerius.com
306,c.clarity.ms,apps4.omegatheme.com,cms.quantserve.com,babydelight.com
307,cdn.pushowl.com,trc-events.taboola.com,is4.revolveassets.com,www.google.fr
308,px4.ads.linkedin.com,dpm.demdex.net,v2.zopim.com,trc-events.taboola.com
309,static.bstn.com,api.saasexch.com,forever-limited.com,dpm.demdex.net
310,connect.facebook.net,forms-na1.hsforms.com,www.indiegala.com,api.saasexch.com
311,static.parastorage.com,cdnmedia.eurofins.com,log.api.useinsider.com,forms-na1.hsforms.com
312,10711530.fls.doubleclick.net,pixel.quantserve.com,d25ow13ivzraop.cloudfront.net,monitor.ppcprotect.com
313,widebundle.com,styla-prod-us.imgix.net,propercloth.com,cdnmedia.eurofins.com
314,widgetapi.purechat.com,hn.inspectlet.com,p.placed.com,pixel.quantserve.com
315,sephora.commander1.com,clickserve.dartsearch.net,web-proxy.mappedin.com,image6.pubmatic.com
316,loyalty.yotpo.com,www.hp.com,staticweb01.bonial.fr,www.thewhitecompany.com
317,targeting.unrulymedia.com,marketing.alibaba.com,view.cdnbasket.net,684dd32c.akstat.io
318,cdn.ampproject.org,www.parfumdo.com,log.pinterest.com,www.jcpenney.com
319,use.typekit.net,r1.trackedweb.net,b96953b619fb4d7a9e3bb9be1d277452.events.ubembed.com,styla-prod-us.imgix.net
320,eaaqmyctaeaemiabazqdakaaafrsoppu-preey3-e18006509-clienttons-s.akamaihd.net,player.vimeo.com,siteintercept.qualtrics.com,dsum-sec.casalemedia.com
321,perf.hsforms.com,bin.bnbstatic.com,consentag.eu,poki.com
322,legendteam.zendesk.com,api.gastro-hero.de,api-iam.intercom.io,hn.inspectlet.com
323,www.lg.com,cdn.shopify.com,p1-smn2-api-cdn.shop.samsung.com,clickserve.dartsearch.net
324,rakuten.queue-it.net,analytics.twitter.com,www.dell.com,www.hp.com
325,st.dynamicyield.com,sibautomation.com,sync.taboola.com,search-c.omegacommerce.com
326,qoe-1.yottaa.net,octopart.com,assets.bounceexchange.com,player.vimeo.com
327,sdk.loyaltylion.net,monorail-edge.shopifysvc.com,message.alibaba.com,bin.bnbstatic.com
328,vod-progressive.akamaized.net,image.made-in-china.com,a15436670121.cdn.optimizely.com,udc-neb.kampyle.com
329,www.googletagmanager.com,static.crossout.net,www.move-x.it,d-ipv4.mmapiws.com
330,r.casalemedia.com,strn.rise-ai.com,9480947.fls.doubleclick.net,cdn.shopify.com
331,amcdn.msftauth.net,logx.optimizely.com,d2o5idwacg3gyw.cloudfront.net,pay.google.com
332,6008.xg4ken.com,c.clarity.ms,app3.salesmanago.pl,analytics.twitter.com
333,cdn-fsly.yottaa.net,cdn.pushowl.com,cdn.shopellous.com,ck.tangooserver.com
334,www.clarity.ms,px4.ads.linkedin.com,api.ipify.org,ib.adnxs-simple.com
335,securepubads.g.doubleclick.net,track.adspire.io,lolstatic-a.akamaihd.net,octopart.com
336,ad.yieldlab.net,connect.facebook.net,rtb-csync.smartadserver.com,monorail-edge.shopifysvc.com
337,photos-eu.bazaarvoice.com,o464319.ingest.sentry.io,9786169.fls.doubleclick.net,recommendationengine.googleapis.com
338,www.microsoft.com,static.parastorage.com,www.atida.fr,smetrics.walgreens.com
339,logs11.xiti.com,t.adx.opera.com,encrypted-tbn3.gstatic.com,static.crossout.net
340,sync.outbrain.com,delivery.consentmanager.net,telemetrics.klaviyo.com,analytics.yopify.com
341,static.zdassets.com,collector-pxkdrqnl15.px-cloud.net,googleads.g.doubleclick.net,redoak.target.com
342,rr2---sn-gx1v2vax-atne.googlevideo.com,ad-server.nmm.de,fourier.taobao.com,t.poki.io
343,qfmc4asy3vxvuyzhiy6q-pxmc2a-fca8862e6-clientnsv4-s.akamaihd.net,server.chaport.com,pixel.sitescout.com,logx.optimizely.com
344,pixel.rubiconproject.com,th.bing.com,lm.serving-sys.com,c.clarity.ms
345,c.bing.com,o1086999.ingest.sentry.io,slogantop.com,images.hdsupplysolutions.com
346,www.ufreegames.com,use.typekit.net,rum-http-intake.logs.datadoghq.com,cdn.pushowl.com
347,www.sephora.fr,client.crisp.chat,gb.newchic.com,i.liadm.com
348,region1.analytics.google.com,a.travel-assets.com,www.databreakers.com,track.adspire.io
349,api.swogo.net,qoe-1.yottaa.net,playvalorant.com,px4.ads.linkedin.com
350,danv01ao0kdr2.cloudfront.net,pdx-col.eum-appdynamics.com,widget.getblue.io,l3.aaxads.com
351,e.dlx.addthis.com,www.googletagmanager.com,cdn3.forter.com,connect.facebook.net
352,tagging.beautybay.com,r.casalemedia.com,widget-v4.tidiochat.com,assets.targetimg1.com
353,www.cloudflare.com,e8th73rup1-dsn.algolia.net,events.api.boomtrain.com,subscription-forms.smsbump.com
354,maps.google.com,geoip-js.com,webservices.global-e.com,discount-cache.tabarn.app
355,uxt-side-banner-prod.shpp.ext.zooplus.io,o1224949.ingest.sentry.io,cms.analytics.yahoo.com,sephora.commander1.com
356,api.iadvize.com,apiv2.popupsmart.com,o235504.ingest.sentry.io,delivery.consentmanager.net
357,www.beautybay.com,universign.matomo.cloud,pixeltrack.mdspinc.com,collector-pxkdrqnl15.px-cloud.net
358,explore-bff-api.shpp.ext.zooplus.io,www.clarity.ms,ad.360yield.com,cqgrtzyl.micpn.com
359,europe-west1-s4a-ga-raw-data-prd.cloudfunctions.net,ad.yieldlab.net,fr.infoqo.com,ad-server.nmm.de
360,track.hubspot.com,sync.outbrain.com,fr.gorgonzola.com,backstory.ebay.com
361,px.ads.linkedin.com,gj.mmstat.com,ping-dot-acp-magento.appspot.com,jaderoller.fr
362,s7.addthis.com,forms.mailmunch.co,preorderly.azurewebsites.net,notix.io
363,boulanger.scene7.com,integration.carts.guru,px.effirst.com,use.typekit.net
364,eaaqmyctaeaemiabazqdakaaafrsopkr-ppij87-3f8d6e620-clienttons-s.akamaihd.net,684dd313.akstat.io,page.cdnbasket.net,thewhitecompany.d3.sc.omtrdc.net
365,emea.sdapi.io,edge.api.brightcove.com,api.databreakers.com,a.travel-assets.com
366,pr-bh.ybp.yahoo.com,static.zdassets.com,sale.alibaba.com,sdk.loyaltylion.net
367,signals.aimtell.com,snapwidget.com,eaaqmyctaeaemkqce3yabaqaabrorojk-p0z7ja-e1d2b7a45-clienttons-s.akamaihd.net,assets.macys.com
368,cllctr.roistat.com,eaaqmyctaeaemkqce3yabaqaabrorm63-ploxyw-7ac6d8e1b-clienttons-s.akamaihd.net,announcement-bar-api.webrexstudio.com,vod-progressive.akamaized.net
369,simage2.pubmatic.com,adspreemedia.go2cloud.org,sslwidget.criteo.com,www.googletagmanager.com
370,edge.cookiefirst.com,cdn1.stamped.io,02179918.akstat.io,r.casalemedia.com
371,dl.dropboxusercontent.com,pixel.rubiconproject.com,upx.provenpixel.com,tracking2.channeladvisor.com
372,img-prod-cms-rt-microsoft-com.akamaized.net,pcookie.alibaba.com,fr.justfashionnow.com,improving.duckduckgo.com
373,search-api.public.prd.beautybay.com,www.nivea.fr,trustarc.mgr.consensu.org,collector-pxu6b0qd2s.px-cloud.net
374,trial-eum-clienttons-s.akamaihd.net,c.bing.com,tn.alphonso.tv,apiv2.popupsmart.com
375,e.cdnwidget.com,connect.ekomi.de,www.conrad.fr,universign.matomo.cloud
376,www.linkedin.com,www.idealo.fr,ids.ad.gt,www.clarity.ms
377,ekr.zdassets.com,www.orbitz.com,stags.bluekai.com,securepubads.g.doubleclick.net
378,api.pushowl.com,www.aesop.com,i.ibb.co,ad.yieldlab.net
379,logs.browser-intake-datadoghq.com,region1.analytics.google.com,mug.criteo.com,collect.tealiumiq.com
380,samsunghq.demdex.net,tracking.lengow.com,fy8plebn34-dsn.algolia.net,d.adroll.com
381,exchange.mediavine.com,eu1-layer.doofinder.com,h.whitemarket.info,sync.outbrain.com
382,eb2.3lift.com,at.alicdn.com,nakedandthriving.zendesk.com,forms.mailmunch.co
383,halc.iadvize.com,api.iadvize.com,ctrlitb.rightinthebox.com,tracking.retailrocket.net
384,mc.yandex.ru,www.woopra.com,connect.nosto.com,idx.liadm.com
385,uxt-shop-header-delivery-information-prod.mediazs.com,p.metrilo.com,pi.pardot.com,static.zdassets.com
386,sealserver.trustwave.com,qfmc4asy3vxrqyxiwpnq-ploxyw-e43de21d8-clientnsv4-s.akamaihd.net,tags.srv.stackadapt.com,ocsrest.ebay.com
387,eus.rubiconproject.com,idsync.rlcdn.com,www.nocibe.fr,c1.adis.ws
388,x.bidswitch.net,px.ads.linkedin.com,shinzo.oss-accelerate.aliyuncs.com,www.lukiegames.com
389,s68275882.t.eloqua.com,location.api.useinsider.com,stats-bq.stylight.net,pixel.rubiconproject.com
390,jnn-pa.googleapis.com,segment.api.useinsider.com,jingwei.harborcdn.com,vyg.mobi
391,adobe-sync.dotomi.com,membercenter.made-in-china.com,p.ad.gt,cloud.connect.etundra.com
392,www.samsung.com,bam.nr-data.net,app.chaport.com,thewhitecompany.tt.omtrdc.net
393,eu.defacto.com,boulanger.scene7.com,cm.everesttech.net,www.nivea.fr
394,dummyimage.com,pixel.mathtag.com,translate.googleapis.com,c.bing.com
395,fr.shopping.rakuten.com,signals.aimtell.com,images.prismic.io,www.orbitz.com
396,8034948.fls.doubleclick.net,bosun.webth.blue,toynk.attn.tv,12161440.fls.doubleclick.net
397,www.getapp.com,pagestates-tracking.crazyegg.com,open-s.alibaba.com,region1.analytics.google.com
398,async-px.dynamicyield.com,simage2.pubmatic.com,rtg.admasters.media,www.sephora.fr
399,trk.ometria.com,o305514.ingest.sentry.io,track.z2data.com,aorta.clickagy.com
400,gum.criteo.com,www.googleapis.com,www.onlitex.com,events.release.narrativ.com
401,www.pcspecialist.fr,trial-eum-clienttons-s.akamaihd.net,bam-cell.nr-data.net,p.metrilo.com
402,www.google.com,www.linkedin.com,4685220.fls.doubleclick.net,europe-west1-s4a-ga-raw-data-prd.cloudfunctions.net
403,i.clean.gg,ekr.zdassets.com,track.omguk.com,idsync.rlcdn.com
404,www.applianceparts365.com,in-automate.sendinblue.com,cdn2.hubspot.net,px.ads.linkedin.com
405,frog.wix.com,api.pushowl.com,sync.1rx.io,fel-api.prod.browse.bestbuy.com
406,js.klevu.com,eu.pangaia.com,sessions.bugsnag.com,bam.nr-data.net
407,www.googleadservices.com,an.yandex.ru,static.captcha-delivery.com,qfmc4asy3vxwuyxaf3fa-p0xx1v-ae73ac8df-clientnsv4-s.akamaihd.net
408,www.gstatic.com,www.hermes.com,cdn-widgetsrepository.yotpo.com,pixel.mathtag.com
409,account.xbox.com,samsunghq.demdex.net,iminit.zendesk.com,ponos.zeronaught.com
410,tag.shopping-feed.com,app.dialoginsight.com,rs.fullstory.com,bosun.webth.blue
411,dresstoimpresss.com,exchange.mediavine.com,fledge-asia.creativecdn.com,my.justuno.com
412,web-analytics.smile.io,prod.edf-sylius.fr,startrekk.flaconi.fr,pagestates-tracking.crazyegg.com
413,a3533800155.cdn-pci.optimizely.com,uct.service.usercentrics.eu,z.lenmit.com,simage2.pubmatic.com
414,forms.hubspot.com,eb2.3lift.com,simple-ripley.os.tc,csm.eu.criteo.net
415,mori-gb.attn.tv,halc.iadvize.com,www2.grouponcdn.com,d-ipv6.mmapiws.com
416,cta-service-cms2.hubspot.com,mc.yandex.ru,img.alicdn.com,trial-eum-clienttons-s.akamaihd.net
417,rcom.dynamicyield.com,www.hainesfire-risk.com,thor-website.prismic.io,e.cdnwidget.com
418,o354215.ingest.sentry.io,creativecdn.com,auth.beautybay.com,www.linkedin.com
419,play.google.com,app.usercentrics.eu,acs.h.alibaba.com,ekr.zdassets.com
420,adobedc.demdex.net,boomerang.dell.com,www.cjs-cdkeys.com,api.pushowl.com
421,assets-www.xbox.com,eaaqmyctaeaemkqce3yabaqaabrorobi-p508qu-e9f1e3253-clienttons-s.akamaihd.net,www.storets.com,lightboxapi.azurewebsites.net
422,api.os.fressnapf.com,x.bidswitch.net,www.shopcider.com,macys.tt.omtrdc.net
423,app-ab06.marketo.com,jnn-pa.googleapis.com,yes.yousign.com,d1hcrjcdtouu7e.cloudfront.net
424,02179914.akstat.io,b.delivery.consentmanager.net,analytics.ynap.biz,us.creativecdn.com
425,acdn.adnxs.com,www.samsung.com,skosm.klarna.com,exchange.mediavine.com
426,ad.doubleclick.net,epb.hextom.com,cms.getblue.io,api.retailrocket.net
427,e3ab805734f91b66f197539c2263b16f.safeframe.googlesyndication.com,i.ytimg.com,bambinifashion.com,uct.service.usercentrics.eu
428,geolocation.onetrust.com,trk.ometria.com,csp.withgoogle.com,eb2.3lift.com
429,recommender.scarabresearch.com,insight.adsrvr.org,se.p.revolve.com,mc.yandex.ru
430,catalog.gamepass.com,specialoffers.suppleapps.com,www.google-analytics.com,www.etundra.com
431,babymori.com,gum.criteo.com,trc.taboola.com,s.hdsupplysolutions.com
432,uxt-shop-header-logos-prod.mediazs.com,ad.sxp.smartclip.net,p.yotpo.com,app.usercentrics.eu
433,www.lush.com,www.expedia.fr,mox.moxielinks.com,dimg.dillards.com
434,searchapi.samsung.com,www.google.com,s2.go-mpulse.net,x.bidswitch.net
435,c.lytics.io,frog.wix.com,logging.cmp-resources.link,jnn-pa.googleapis.com
436,forms-as-a-service.capterra.com,www.googleadservices.com,sysclt.banggood.com,a13296620007.cdn.optimizely.com
437,,s.fraudlabspro.com,privacy.trustcommander.net,jumbe.zaius.com
438,,api.qubit.com,adservice.google.com,player-telemetry.vimeo.com
439,,4506810.fls.doubleclick.net,stores.api.shoppinggives.com,b.delivery.consentmanager.net
440,,www.recaptcha.net,people.api.boomtrain.com,epb.hextom.com
441,,cm.teads.tv,transactions.littledata.io,trk.ometria.com
442,,q-aeu1.contentsquare.net,odr.mookie1.com,insight.adsrvr.org
443,,hamamatsu.tt.omtrdc.net,egoimmerce.e-goi.com,specialoffers.suppleapps.com
444,,api.livechatinc.com,webtrafficsource.com,init.grizzlyapps.com
445,,www.italianmoda.com,ads.samba.tv,gum.criteo.com
446,,onesignal.com,qfmc4asy3vxrqyxiulpa-pg2or1-e2d221e4a-clientnsv4-s.akamaihd.net,i.ebayimg.com
447,,ad.doubleclick.net,www.techtarget.com,ad.sxp.smartclip.net
448,,wtb-api-hub.swaven.com,c.sspinc.io,www.expedia.fr
449,,crossout.net,www.friendlyvoiceny.com,eaaqmyctaeaemkqce3yabaqaabroalwk-p0xx1v-14cc05f8f-clienttons-s.akamaihd.net
450,,i.alicdn.com,hit.api.useinsider.com,www.google.com
451,,maxcdn.bootstrapcdn.com,www.thorindustries.com,10vod-adaptive.akamaized.net
452,,assets.electronica.de,www.srmdata-eur.com,srv.main.ebayrtm.com
453,,n1.octostatic.com,api.ldnlyap.com,4328724.fls.doubleclick.net
454,,www.bamford.com,forms.hsforms.com,www.googleadservices.com
455,,geolocation.onetrust.com,stats.fomo.com,www.gstatic.com
456,,recommender.scarabresearch.com,sephora-fr.reach5.net,htlb.casalemedia.com
457,,www.lush.com,684dd32b.akstat.io,www.recaptcha.net
458,,sentry.io,sync.smartadserver.com,web-analytics.smile.io
459,,searchapi.samsung.com,pixel.s3xified.com,images.sftcdn.net
460,,,swymstore-v3premium-01.swymrelay.com,api.livechatinc.com
461,,,my.rtmarks.net,smetrics.thewhitecompany.com
462,,,log.mmstat.com,as-sec.casalemedia.com
463,,,www.ibuyxs.com,collector-pxm636svr4.px-client.net
464,,,publicapi.databreakers.com,play.google.com
465,,,11442918.fls.doubleclick.net,cm.creativecdn.com
466,,,img.grouponcdn.com,sync.aralego.com
467,,,ds-aksb-a.akamaihd.net,adobedc.demdex.net
468,,,ipinfo.io,d1fufvy4xao6k9.cloudfront.net
469,,,appanalysis-v1.banggood.com,d.turn.com
470,,,ids.cdnwidget.com,ad.doubleclick.net
471,,,plausible.io,wtb-api-hub.swaven.com
472,,,region1.google-analytics.com,crossout.net
473,,,fr.iherb.com,www.ebayadservices.com
474,,,indice-reparabilite.intermarche.com,s.ad.smaato.net
475,,,www.toynk.com,maxcdn.bootstrapcdn.com
476,,,bs.serving-sys.com,edge.personalizer.io
477,,,bf16218erm.bf.dynatrace.com,assets.electronica.de
478,,,production.bolttk.com,n1.octostatic.com
479,,,10742279.fls.doubleclick.net,0217991e.akstat.io
480,,,static.chiccdn.com,geolocation.onetrust.com
481,,,c.contentsquare.net,recommender.scarabresearch.com
482,,,cdn-bacon.getcarro.com,storefront.personalizer.io
483,,,sp.propercloth.com,11192243.fls.doubleclick.net
484,,,cs.gssprt.jp,ads.eu.criteo.com
485,,,www.asustor.com,hdsupply.tt.omtrdc.net
486,,,s.alicdn.com,white.a.bigcontent.io
487,,,gepi.global-e.com,
488,,,widget-mediator.zopim.com,
489,,,cjscdkeys.zendesk.com,
490,,,cdn.clickanalyticsresource.com,
491,,,adservice.google.fr,
492,,,ultimate-dot-acp-magento.appspot.com,
493,,,dcinfos-cache.abtasty.com,
494,,,wheeliofuncstats.azurewebsites.net,
495,,,account-api.public.prd.beautybay.com,
496,,,fcmatch.google.com,
497,,,ibuyxs.com,
498,,,h.online-metrix.net,
499,,,ssum-sec.casalemedia.com,
500,,,vc.hotjar.io,
501,,,csi.gstatic.com,
502,,,nakedandthriving.attn.tv,
503,,,tr.outbrain.com,
504,,,usb.hextom.com,
505,,,api.bolt.com,
506,,,d.clarity.ms,
507,,,stats.g.doubleclick.net,
508,,,www.electronic-shop.lu,
509,,,pixel.sojern.com,
510,,,beacon.sojern.com,
511,,,www.tieszhu.com,
512,,,www.cremeglobal.com,
513,,,litb-cgis.rightinthebox.com,
514,,,lister-page-api.public.prd.beautybay.com,
515,,,cdn9.forter.com,
516,,,ae01.alicdn.com,
517,,,www.google.fr,
518,,,trc-events.taboola.com,
519,,,eum-eu-west-1.instana.io,
520,,,dpm.demdex.net,
521,,,forms-na1.hsforms.com,
522,,,monitor.ppcprotect.com,
523,,,image6.pubmatic.com,
524,,,app.indoleads.com,
525,,,pixel.quantserve.com,
526,,,api.groupon.com,
527,,,www.feedgrabbr.com,
528,,,684dd32c.akstat.io,
529,,,cjshpfy.cjpowered.com,
530,,,dsum-sec.casalemedia.com,
531,,,www.revolve.com,
532,,,bambinifashion.attn.tv,
533,,,clickserve.dartsearch.net,
534,,,cdn1-gae-ssl-default.akamaized.net,
535,,,adscool.net,
536,,,event.getblue.io,
537,,,lightningbolt-usa.com,
538,,,marketing.alibaba.com,
539,,,exit.streamoptim.com,
540,,,wor.r2games.com,
541,,,b.admedia.com,
542,,,nostalgicapparel.com,
543,,,cdn.notinoimg.com,
544,,,www.groupon.com.au,
545,,,s.click.aliexpress.com,
546,,,consent.truste.com,
547,,,gcc.metizapps.com,
548,,,certify.alexametrics.com,
549,,,d-ipv4.mmapiws.com,
550,,,cdn.shopify.com,
551,,,api.zigpoll.com,
552,,,analytics.twitter.com,
553,,,le4rir5yka-3.algolianet.com,
554,,,mwzeom.zeotap.com,
555,,,tradediscount-api.azu.levia.ai,
556,,,monorail-edge.shopifysvc.com,
557,,,www.forever-limited.com,
558,,,cdn.wombat.app,
559,,,log2.r2games.com,
560,,,ut.rd.linksynergy.com,
561,,,collector-px78vmo82c.px-cloud.net,
562,,,logx.optimizely.com,
563,,,www.flaconi.fr,
564,,,pixels.ad.gt,
565,,,collect.ptengine.jp,
566,,,c.clarity.ms,
567,,,usersync.samplicio.us,
568,,,px4.ads.linkedin.com,
569,,,cdn.pushowl.com,
570,,,propercloth.zendesk.com,
571,,,c.go-mpulse.net,
572,,,connect.facebook.net,
573,,,transactional-api.hu-manity.co,
574,,,auth.riotgames.com,
575,,,www.zalando.fr,
576,,,ad.atdmt.com,
577,,,iminit.attn.tv,
578,,,sephora.commander1.com,
579,,,designer-api.hu-manity.co,
580,,,loyalty.yotpo.com,
581,,,server.chaport.com,
582,,,offer.alibaba.com,
583,,,login.aliexpress.ru,
584,,,znbxgbnorumafz325-spg.siteintercept.qualtrics.com,
585,,,www.rareprem.com,
586,,,use.typekit.net,
587,,,obs.cheqzone.com,
588,,,perf.hsforms.com,
589,,,geolocation.nexusmedia.workers.dev,
590,,,public.fbot.me,
591,,,st.dynamicyield.com,
592,,,qoe-1.yottaa.net,
593,,,sdk.loyaltylion.net,
594,,,tag.atida.fr,
595,,,www.googletagmanager.com,
596,,,r.casalemedia.com,
597,,,public-prod-dspcookiematching.dmxleo.com,
598,,,pixel-geo.prfct.co,
599,,,preorder-now.herokuapp.com,
600,,,apps.nexusmedia-ua.com,
601,,,cdn4.atida.fr,
602,,,6008.xg4ken.com,
603,,,api.getdrip.com,
604,,,cdn-fsly.yottaa.net,
605,,,fledge-eu.creativecdn.com,
606,,,acs.aliexpress.com,
607,,,www.clarity.ms,
608,,,cdn2.propercloth.com,
609,,,securepubads.g.doubleclick.net,
610,,,ad.yieldlab.net,
611,,,clt.banggood.com,
612,,,d.adroll.com,
613,,,sync.outbrain.com,
614,,,collector.audience11.com,
615,,,gj.mmstat.com,
616,,,ccpa-service.sp-prod.net,
617,,,widget.as.criteo.com,
618,,,z2data.com,
619,,,684dd313.akstat.io,
620,,,edge.api.brightcove.com,
621,,,static.zdassets.com,
622,,,ck.2trk.info,
623,,,shop-babydriver.bambinifashion.com,
624,,,rebuyengine.com,
625,,,rum-collector-2.pingdom.net,
626,,,search.yahoo.com,
627,,,pixel.rubiconproject.com,
628,,,sync.search.spotxchange.com,
629,,,www.izito.fr,
630,,,c.bing.com,
631,,,www.idealo.fr,
632,,,www.solvay.com,
633,,,www.speedgoat.com,
634,,,jaessupporthelp.zendesk.com,
635,,,www.sephora.fr,
636,,,region1.analytics.google.com,
637,,,pubads.g.doubleclick.net,
638,,,e.dlx.addthis.com,
639,,,at.alicdn.com,
640,,,tagging.beautybay.com,
641,,,events.release.narrativ.com,
642,,,manifest.prod.boltdns.net,
643,,,www.cloudflare.com,
644,,,www.r2games.com,
645,,,api.iadvize.com,
646,,,asia.creativecdn.com,
647,,,www.beautybay.com,
648,,,10647293.fls.doubleclick.net,
649,,,p.metrilo.com,
650,,,ads.stickyadstv.com,
651,,,europe-west1-s4a-ga-raw-data-prd.cloudfunctions.net,
652,,,hits-i.iubenda.com,
653,,,api.getwombat.io,
654,,,idsync.rlcdn.com,
655,,,track.hubspot.com,
656,,,maps.gstatic.com,
657,,,api.campaigns.notino.com,
658,,,sin.creativecdn.com,
659,,,vu.adschoom.com,
660,,,c.statcounter.com,
661,,,productreviews.shopifycdn.com,
662,,,px.ads.linkedin.com,
663,,,location.api.useinsider.com,
664,,,s7.addthis.com,
665,,,segment.api.useinsider.com,
666,,,bam.nr-data.net,
667,,,10955082.fls.doubleclick.net,
668,,,api.flashify.app,
669,,,emea.sdapi.io,
670,,,purish.app.baqend.com,
671,,,signals.aimtell.com,
672,,,search.visymo.com,
673,,,my.justuno.com,
674,,,simple-ripley.onesignal.com,
675,,,simage2.pubmatic.com,
676,,,privacy.commander1.com,
677,,,affiliatepluginintegration.cj.com,
678,,,www.izito.ng,
679,,,cdn.gigapromo.com,
680,,,search-api.public.prd.beautybay.com,
681,,,csm.eu.criteo.net,
682,,,top-fwz1.mail.ru,
683,,,trial-eum-clienttons-s.akamaihd.net,
684,,,lciapi.ninthdecimal.com,
685,,,d-ipv6.mmapiws.com,
686,,,www.apeainthepod.com,
687,,,e.cdnwidget.com,
688,,,www.linkedin.com,
689,,,ekr.zdassets.com,
690,,,womplay.io,
691,,,www.wearecasual.com,
692,,,fr.gogosearching.com,
693,,,cdn1.bambinifashion.com,
694,,,jnrorwxhliimmk5p.ldycdn.com,
695,,,px-intl.ucweb.com,
696,,,steinkraus.com,
697,,,api.pushowl.com,
698,,,an.yandex.ru,
699,,,samsunghq.demdex.net,
700,,,assets.dunelm.com,
701,,,d1hcrjcdtouu7e.cloudfront.net,
702,,,us.creativecdn.com,
703,,,app-spm.com,
704,,,exchange.mediavine.com,
705,,,mensclo.reamaze.io,
706,,,api.moxielinks.com,
707,,,uct.service.usercentrics.eu,
708,,,www.zalando-prive.fr,
709,,,eb2.3lift.com,
710,,,sugodeku.com,
711,,,mc.yandex.ru,
712,,,halc.iadvize.com,
713,,,fr.shopellous.com,
714,,,creativecdn.com,
715,,,widget-api.dovetale.com,
716,,,boomerang.dell.com,
717,,,oct8necdneu.azureedge.net,
718,,,content.solvay.com,
719,,,thor-website.cdn.prismic.io,
720,,,x.bidswitch.net,
721,,,jnn-pa.googleapis.com,
722,,,tridenstechnology.com,
723,,,images.dunelm.com,
724,,,www.samsung.com,
725,,,cdn.builder.io,
726,,,epb.hextom.com,
727,,,wt.soundestlink.com,
728,,,eu.sunnylife.com,
729,,,eu.defacto.com,
730,,,fsb.hextom.com,
731,,,i.ytimg.com,
732,,,api.reviews.io,
733,,,async-px.dynamicyield.com,
734,,,deutsche-recycling.com,
735,,,insight.adsrvr.org,
736,,,gum.criteo.com,
737,,,specialoffers.suppleapps.com,
738,,,ad.sxp.smartclip.net,
739,,,www.borflex.fr,
740,,,id.halo.ad.gt,
741,,,web-device-id.banggood.com,
742,,,d.p.revolve.com,
743,,,o723128.ingest.sentry.io,
744,,,www.google.com,
745,,,api.visely.io,
746,,,dirtyanimalproducts.com,
747,,,js.klevu.com,
748,,,www.googleadservices.com,
749,,,s.fraudlabspro.com,
750,,,www.gstatic.com,
751,,,api.hubspot.com,
752,,,us-u.openx.net,
753,,,www.recaptcha.net,
754,,,www.googlecommerce.com,
755,,,684dd325.akstat.io,
756,,,eaaqmyctaeaemkqce3yabaqaabroriw6-pg2or1-29c67fee3-clienttons-s.akamaihd.net,
757,,,bundle.thimatic-apps.com,
758,,,a3533800155.cdn-pci.optimizely.com,
759,,,c.thorindustries.com,
760,,,forms.hubspot.com,
761,,,cta-service-cms2.hubspot.com,
762,,,sync.targeting.unrulymedia.com,
763,,,api.livechatinc.com,
764,,,stvkr.com,
765,,,www.lightinthebox.com,
766,,,rcom.dynamicyield.com,
767,,,cdn2.atida.fr,
768,,,q.quora.com,
769,,,stats.ksearchnet.com,
770,,,imgaz1.chiccdn.com,
771,,,www.simon.com,
772,,,us.cobra.aliexpress.com,
773,,,api.compado.com,
774,,,aggregator.eu.usercentrics.eu,
775,,,catalog.app.iherb.com,
776,,,play.google.com,
777,,,fsm-vfc.attraqt.com,
778,,,api.hubapi.com,
779,,,api.vstar.app,
780,,,cm.creativecdn.com,
781,,,onesignal.com,
782,,,ad.doubleclick.net,
783,,,b2c-media.marinarinaldi.com,
784,,,eaaqmyctaeaemkqce3yabaqaabrorlff-ppvzyz-e52480f14-clienttons-s.akamaihd.net,
785,,,consent.techtarget.com,
786,,,i.alicdn.com,
787,,,maxcdn.bootstrapcdn.com,
788,,,s.ad.smaato.net,
789,,,edge.personalizer.io,
790,,,optimizely.techtarget.com,
791,,,i.ctnsnet.com,
792,,,jecraqueencore.com,
793,,,pv.sohu.com,
794,,,www.lapouleapois.fr,
795,,,json.geoiplookup.io,
796,,,geolocation.onetrust.com,
797,,,recommender.scarabresearch.com,
798,,,cjs-cdkeys.com,
799,,,storefront.personalizer.io,
800,,,settings.luckyorange.com,
801,,,ae.mmstat.com,
802,,,wg-tr-prod.winning.com.au,
803,,,searchapi.samsung.com,
804,,,ads.eu.criteo.com,
805,,,frontal-eu.oct8ne.com,
